{
    "tdqfx4": 0.0,
    "tdr0z7": 0.0,
    "tdr0zk": 0.0,
    "tdr0zu": 0.0,
    "tdr0zv": 0.0,
    "tdr0zx": 0.0,
    "tdr0zy": 0.0,
    "tdr11v": 1.0,
    "tdr14n": 0.0,
    "tdr15r": 0.0,
    "tdr15v": 0.0,
    "tdr15w": 0.0,
    "tdr15x": 0.0,
    "tdr16u": 0.3333333333333333,
    "tdr16v": 0.2857142857142857,
    "tdr170": 0.0,
    "tdr172": 1.0,
    "tdr174": 0.0,
    "tdr175": 1.0,
    "tdr179": 1.0,
    "tdr17n": 0.4,
    "tdr17v": 0.0,
    "tdr17z": 0.0,
    "tdr18g": 0.0,
    "tdr1dc": 1.0,
    "tdr1dg": 0.5,
    "tdr1du": 0.3333333333333333,
    "tdr1dv": 1.0,
    "tdr1e2": 1.0,
    "tdr1e6": 0.3333333333333333,
    "tdr1eb": 1.0,
    "tdr1ef": 0.07407407407407407,
    "tdr1eg": 0.0625,
    "tdr1ek": 0.0,
    "tdr1es": 1.0,
    "tdr1et": 0.125,
    "tdr1ev": 0.0,
    "tdr1ew": 0.25,
    "tdr1ex": 0.0625,
    "tdr1ey": 0.0,
    "tdr1ez": 0.07407407407407407,
    "tdr1f6": 0.0,
    "tdr1fu": 0.3333333333333333,
    "tdr1g3": 1.0,
    "tdr1g5": 0.2857142857142857,
    "tdr1g8": 0.0,
    "tdr1g9": 0.0,
    "tdr1gb": 0.0,
    "tdr1gc": 0.0,
    "tdr1gf": 0.0625,
    "tdr1gg": 0.0,
    "tdr1gh": 0.0,
    "tdr1gk": 0.2222222222222222,
    "tdr1gm": 0.3333333333333333,
    "tdr1gn": 0.0,
    "tdr1gs": 0.03896103896103896,
    "tdr1gu": 0.0,
    "tdr1hg": 0.0,
    "tdr1hh": 1.0,
    "tdr1hj": 0.0,
    "tdr1hk": 0.0,
    "tdr1hq": 0.0,
    "tdr1hr": 0.0,
    "tdr1hv": 0.0,
    "tdr1hx": 0.0,
    "tdr1j4": 0.0,
    "tdr1j6": 1.0,
    "tdr1j7": 0.0,
    "tdr1j9": 0.0,
    "tdr1je": 0.09090909090909091,
    "tdr1jq": 0.0,
    "tdr1js": 0.05555555555555555,
    "tdr1jt": 0.0,
    "tdr1jw": 0.0,
    "tdr1jx": 0.0,
    "tdr1k6": 0.0,
    "tdr1k8": 0.0,
    "tdr1k9": 0.25,
    "tdr1kf": 0.0,
    "tdr1kg": 0.0,
    "tdr1kq": 0.0,
    "tdr1ks": 0.0,
    "tdr1kt": 0.06666666666666667,
    "tdr1ku": 1.0,
    "tdr1kw": 0.0,
    "tdr1kx": 0.0,
    "tdr1ky": 0.0,
    "tdr1m1": 0.0,
    "tdr1m4": 0.0,
    "tdr1m5": 0.0,
    "tdr1m6": 1.0,
    "tdr1m7": 1.0,
    "tdr1m8": 0.0,
    "tdr1m9": 0.0,
    "tdr1mb": 0.0,
    "tdr1mc": 0.0,
    "tdr1md": 0.0,
    "tdr1me": 0.0,
    "tdr1mf": 0.0,
    "tdr1mg": 0.0,
    "tdr1mh": 0.0,
    "tdr1mj": 0.16666666666666666,
    "tdr1mk": 0.0,
    "tdr1mm": 0.125,
    "tdr1mn": 0.0,
    "tdr1mp": 0.06382978723404255,
    "tdr1mq": 0.0,
    "tdr1mr": 0.1,
    "tdr1ms": 0.0,
    "tdr1mt": 0.04,
    "tdr1mu": 0.07407407407407407,
    "tdr1mv": 0.1,
    "tdr1mw": 0.2857142857142857,
    "tdr1mx": 0.04597701149425287,
    "tdr1my": 0.08333333333333333,
    "tdr1mz": 0.06666666666666667,
    "tdr1nc": 0.0,
    "tdr1nn": 0.0,
    "tdr1np": 0.0,
    "tdr1nr": 0.0,
    "tdr1nz": 0.1111111111111111,
    "tdr1p1": 0.0,
    "tdr1p4": 0.0,
    "tdr1p5": 0.0,
    "tdr1p6": 0.0,
    "tdr1p7": 0.0,
    "tdr1p8": 0.0,
    "tdr1p9": 0.05263157894736842,
    "tdr1pf": 0.0,
    "tdr1ph": 0.0,
    "tdr1pj": 0.0,
    "tdr1pk": 0.0,
    "tdr1pm": 0.0,
    "tdr1pn": 0.07142857142857142,
    "tdr1pp": 0.0,
    "tdr1pr": 0.0,
    "tdr1q0": 0.0,
    "tdr1q1": 0.0,
    "tdr1q2": 0.0,
    "tdr1q4": 0.0,
    "tdr1q5": 0.0,
    "tdr1q6": 0.0,
    "tdr1q7": 0.0,
    "tdr1q8": 1.0,
    "tdr1qb": 0.1,
    "tdr1qc": 0.0,
    "tdr1qd": 0.0,
    "tdr1qe": 0.0,
    "tdr1qf": 0.0,
    "tdr1qh": 0.0,
    "tdr1qj": 0.0,
    "tdr1qk": 0.14285714285714285,
    "tdr1qm": 0.0,
    "tdr1qn": 1.0,
    "tdr1qp": 0.07142857142857142,
    "tdr1qq": 0.047619047619047616,
    "tdr1qr": 0.10256410256410256,
    "tdr1qs": 0.0,
    "tdr1qt": 0.0,
    "tdr1qw": 0.0,
    "tdr1qx": 0.125,
    "tdr1qz": 0.0,
    "tdr1r2": 0.0,
    "tdr1r5": 0.0,
    "tdr1r7": 0.0,
    "tdr1rh": 0.2,
    "tdr1rj": 0.0,
    "tdr1rm": 0.0,
    "tdr1rr": 0.0,
    "tdr1rv": 0.0,
    "tdr1rw": 0.1,
    "tdr1rx": 0.0,
    "tdr1rz": 0.0,
    "tdr1s0": 0.0,
    "tdr1s3": 0.0,
    "tdr1s5": 0.0967741935483871,
    "tdr1s6": 0.0,
    "tdr1s7": 0.0,
    "tdr1s8": 0.0,
    "tdr1s9": 0.0,
    "tdr1sb": 0.0,
    "tdr1sc": 0.0,
    "tdr1sd": 0.0,
    "tdr1sg": 0.42857142857142855,
    "tdr1sh": 0.030303030303030304,
    "tdr1sj": 0.0,
    "tdr1sk": 0.0,
    "tdr1sm": 0.08064516129032258,
    "tdr1sn": 0.0,
    "tdr1sp": 0.0,
    "tdr1sq": 0.0,
    "tdr1sr": 0.0,
    "tdr1ss": 0.0,
    "tdr1st": 0.0,
    "tdr1su": 0.0,
    "tdr1sv": 0.0,
    "tdr1sw": 0.043859649122807015,
    "tdr1sx": 0.0,
    "tdr1sy": 0.041666666666666664,
    "tdr1sz": 0.06060606060606061,
    "tdr1t0": 0.0,
    "tdr1t1": 0.0,
    "tdr1t2": 0.1111111111111111,
    "tdr1t3": 0.46153846153846156,
    "tdr1t5": 0.25,
    "tdr1t6": 0.25,
    "tdr1t7": 0.16666666666666666,
    "tdr1t8": 0.3,
    "tdr1t9": 0.4,
    "tdr1tb": 0.14285714285714285,
    "tdr1tc": 0.08695652173913043,
    "tdr1td": 0.0,
    "tdr1te": 0.0,
    "tdr1tf": 0.0,
    "tdr1tg": 0.16666666666666666,
    "tdr1th": 0.2727272727272727,
    "tdr1tj": 0.125,
    "tdr1tk": 0.1,
    "tdr1tm": 0.0,
    "tdr1tn": 0.2857142857142857,
    "tdr1tp": 0.11538461538461539,
    "tdr1tq": 0.0,
    "tdr1tr": 0.20408163265306123,
    "tdr1ts": 0.17647058823529413,
    "tdr1tt": 0.13333333333333333,
    "tdr1tu": 0.14814814814814814,
    "tdr1tv": 0.375,
    "tdr1tw": 0.1111111111111111,
    "tdr1tx": 0.07142857142857142,
    "tdr1ty": 0.13636363636363635,
    "tdr1tz": 0.25,
    "tdr1u1": 0.0,
    "tdr1u2": 0.16666666666666666,
    "tdr1u3": 0.0,
    "tdr1u5": 0.03333333333333333,
    "tdr1u6": 0.14285714285714285,
    "tdr1u7": 0.125,
    "tdr1u8": 0.0,
    "tdr1u9": 0.11764705882352941,
    "tdr1ub": 0.0,
    "tdr1ud": 0.0,
    "tdr1ue": 0.0,
    "tdr1uf": 0.0,
    "tdr1ug": 0.05555555555555555,
    "tdr1uh": 0.058823529411764705,
    "tdr1uj": 0.0,
    "tdr1um": 0.0,
    "tdr1un": 0.0,
    "tdr1up": 0.0,
    "tdr1uq": 0.25,
    "tdr1ur": 0.0,
    "tdr1us": 0.06666666666666667,
    "tdr1ut": 0.25,
    "tdr1uu": 0.5,
    "tdr1uv": 0.0,
    "tdr1uw": 0.08695652173913043,
    "tdr1ux": 0.0,
    "tdr1uy": 0.2,
    "tdr1uz": 0.0,
    "tdr1v0": 0.17777777777777778,
    "tdr1v1": 0.25,
    "tdr1v2": 0.25,
    "tdr1v3": 0.15384615384615385,
    "tdr1v4": 0.03225806451612903,
    "tdr1v5": 0.11842105263157894,
    "tdr1v6": 0.17391304347826086,
    "tdr1v7": 0.35294117647058826,
    "tdr1v8": 0.1440677966101695,
    "tdr1v9": 0.11428571428571428,
    "tdr1vb": 0.13157894736842105,
    "tdr1vc": 0.07894736842105263,
    "tdr1vd": 0.18333333333333332,
    "tdr1ve": 0.036585365853658534,
    "tdr1vf": 0.01694915254237288,
    "tdr1vg": 0.1,
    "tdr1vh": 0.125,
    "tdr1vj": 0.0,
    "tdr1vk": 0.041666666666666664,
    "tdr1vm": 0.13725490196078433,
    "tdr1vn": 0.3,
    "tdr1vp": 0.6,
    "tdr1vq": 0.022727272727272728,
    "tdr1vr": 0.06521739130434782,
    "tdr1vs": 0.09523809523809523,
    "tdr1vt": 0.1,
    "tdr1vu": 0.0,
    "tdr1vv": 0.18181818181818182,
    "tdr1vw": 0.0,
    "tdr1vx": 0.09090909090909091,
    "tdr1vy": 0.8,
    "tdr1w0": 0.09090909090909091,
    "tdr1w1": 0.0,
    "tdr1w2": 0.03076923076923077,
    "tdr1w3": 0.020833333333333332,
    "tdr1w4": 0.125,
    "tdr1w5": 0.5,
    "tdr1w6": 0.18181818181818182,
    "tdr1w7": 0.0,
    "tdr1w8": 0.0,
    "tdr1w9": 0.5,
    "tdr1wb": 0.2857142857142857,
    "tdr1wd": 0.2,
    "tdr1we": 0.0,
    "tdr1wh": 0.0,
    "tdr1wk": 0.1,
    "tdr1wm": 0.1111111111111111,
    "tdr1wq": 0.0,
    "tdr1wr": 0.0,
    "tdr1wx": 0.03225806451612903,
    "tdr1wy": 0.0,
    "tdr1wz": 0.10526315789473684,
    "tdr1x0": 0.04,
    "tdr1x2": 0.0,
    "tdr1x8": 0.0,
    "tdr1x9": 0.2,
    "tdr1xc": 0.0,
    "tdr1xf": 0.0,
    "tdr1xg": 0.14285714285714285,
    "tdr1xp": 0.047619047619047616,
    "tdr1xq": 0.0,
    "tdr1xr": 0.3333333333333333,
    "tdr1xv": 0.0,
    "tdr1xw": 0.2,
    "tdr1xy": 0.05555555555555555,
    "tdr1y0": 0.08108108108108109,
    "tdr1y1": 0.1111111111111111,
    "tdr1y2": 0.06666666666666667,
    "tdr1y3": 0.038461538461538464,
    "tdr1y4": 0.11538461538461539,
    "tdr1y5": 0.1,
    "tdr1y6": 0.07142857142857142,
    "tdr1y7": 0.5,
    "tdr1y8": 0.0,
    "tdr1y9": 1.0,
    "tdr1yb": 0.3333333333333333,
    "tdr1yc": 0.0,
    "tdr1yd": 0.0,