{
    "tdqfx4": 0.0,
    "tdr0z7": 0.0,
    "tdr0zk": 0.0,
    "tdr0zu": 0.0,
    "tdr0zv": 0.0,
    "tdr0zx": 0.0,
    "tdr0zy": 0.0,
    "tdr11v": 0.0,
    "tdr14n": 0.0,
    "tdr15r": 0.0,
    "tdr15v": 0.0,
    "tdr15w": 0.0,
    "tdr15x": 0.0,
    "tdr16u": 1.0,
    "tdr16v": 1.0,
    "tdr170": 0.0,
    "tdr172": 0.0,
    "tdr174": 0.0,
    "tdr175": 0.0,
    "tdr179": 0.0,
    "tdr17n": 1.0,
    "tdr17v": 0.0,
    "tdr17z": 0.0,
    "tdr18g": 0.0,
    "tdr1dc": 0.0,
    "tdr1dg": 0.0,
    "tdr1du": 0.0,
    "tdr1dv": 0.0,
    "tdr1e2": 1.0,
    "tdr1e6": 0.0,
    "tdr1eb": 0.0,
    "tdr1ef": 0.9259259259259259,
    "tdr1eg": 1.0,
    "tdr1ek": 0.0,
    "tdr1es": 0.0,
    "tdr1et": 0.0,
    "tdr1ev": 0.0,
    "tdr1ew": 0.0,
    "tdr1ex": 0.0,
    "tdr1ey": 0.0,
    "tdr1ez": 0.0,
    "tdr1f6": 0.0,
    "tdr1fu": 0.0,
    "tdr1g3": 0.0,
    "tdr1g5": 0.0,
    "tdr1g8": 0.0,
    "tdr1g9": 0.0,
    "tdr1gb": 0.0,
    "tdr1gc": 0.1,
    "tdr1gf": 0.0,
    "tdr1gg": 0.0,
    "tdr1gh": 0.0,
    "tdr1gk": 0.6111111111111112,
    "tdr1gm": 0.0,
    "tdr1gn": 0.0,
    "tdr1gs": 1.0,
    "tdr1gu": 1.0,
    "tdr1hg": 0.0,
    "tdr1hh": 0.0,
    "tdr1hj": 0.0,
    "tdr1hk": 0.0,
    "tdr1hq": 0.0,
    "tdr1hr": 0.25,
    "tdr1hv": 0.0,
    "tdr1hx": 0.0,
    "tdr1j4": 0.0,
    "tdr1j6": 0.0,
    "tdr1j7": 0.0,
    "tdr1j9": 0.0,
    "tdr1je": 0.45454545454545453,
    "tdr1jq": 0.0,
    "tdr1js": 1.0,
    "tdr1jt": 1.0,
    "tdr1jw": 1.0,
    "tdr1jx": 1.0,
    "tdr1k6": 0.0,
    "tdr1k8": 0.0,
    "tdr1k9": 0.0,
    "tdr1kf": 0.0,
    "tdr1kg": 0.0,
    "tdr1kq": 0.0,
    "tdr1ks": 0.0,
    "tdr1kt": 0.0,
    "tdr1ku": 0.0,
    "tdr1kw": 0.0,
    "tdr1kx": 0.0,
    "tdr1ky": 0.0,
    "tdr1m1": 0.0,
    "tdr1m4": 0.0,
    "tdr1m5": 0.0,
    "tdr1m6": 0.0,
    "tdr1m7": 0.0,
    "tdr1m8": 1.0,
    "tdr1m9": 1.0,
    "tdr1mb": 0.0,
    "tdr1mc": 1.0,
    "tdr1md": 0.5,
    "tdr1me": 0.0,
    "tdr1mf": 0.9473684210526315,
    "tdr1mg": 1.0,
    "tdr1mh": 0.0,
    "tdr1mj": 1.0,
    "tdr1mk": 0.0,
    "tdr1mm": 1.0,
    "tdr1mn": 0.9629629629629629,
    "tdr1mp": 0.40425531914893614,
    "tdr1mq": 0.0,
    "tdr1mr": 0.0,
    "tdr1ms": 0.0,
    "tdr1mt": 1.0,
    "tdr1mu": 0.9629629629629629,
    "tdr1mv": 1.0,
    "tdr1mw": 0.0,
    "tdr1mx": 0.0,
    "tdr1my": 0.8333333333333334,
    "tdr1mz": 0.8,
    "tdr1nc": 0.0,
    "tdr1nn": 0.0,
    "tdr1np": 0.0,
    "tdr1nr": 0.0,
    "tdr1nz": 1.0,
    "tdr1p1": 0.0,
    "tdr1p4": 0.0,
    "tdr1p5": 0.0,
    "tdr1p6": 0.2,
    "tdr1p7": 0.0,
    "tdr1p8": 0.0,
    "tdr1p9": 0.0,
    "tdr1pf": 0.0,
    "tdr1ph": 0.0,
    "tdr1pj": 0.0,
    "tdr1pk": 0.0,
    "tdr1pm": 0.0,
    "tdr1pn": 0.9285714285714286,
    "tdr1pp": 1.0,
    "tdr1pr": 0.0,
    "tdr1q0": 0.0,
    "tdr1q1": 0.0,
    "tdr1q2": 0.0,
    "tdr1q4": 0.0,
    "tdr1q5": 0.0,
    "tdr1q6": 0.0,
    "tdr1q7": 0.0,
    "tdr1q8": 0.0,
    "tdr1qb": 1.0,
    "tdr1qc": 1.0,
    "tdr1qd": 1.0,
    "tdr1qe": 1.0,
    "tdr1qf": 1.0,
    "tdr1qh": 0.0,
    "tdr1qj": 0.0,
    "tdr1qk": 0.0,
    "tdr1qm": 1.0,
    "tdr1qn": 0.0,
    "tdr1qp": 0.0,
    "tdr1qq": 1.0,
    "tdr1qr": 0.9743589743589743,
    "tdr1qs": 1.0,
    "tdr1qt": 1.0,
    "tdr1qw": 0.0,
    "tdr1qx": 0.9375,
    "tdr1qz": 1.0,
    "tdr1r2": 0.0,
    "tdr1r5": 0.0,
    "tdr1r7": 0.0,
    "tdr1rh": 0.0,
    "tdr1rj": 0.0,
    "tdr1rm": 0.0,
    "tdr1rr": 0.4,
    "tdr1rv": 0.0,
    "tdr1rw": 0.0,
    "tdr1rx": 0.0,
    "tdr1rz": 0.0,
    "tdr1s0": 0.0,
    "tdr1s3": 0.0,
    "tdr1s5": 1.0,
    "tdr1s6": 1.0,
    "tdr1s7": 1.0,
    "tdr1s8": 0.9285714285714286,
    "tdr1s9": 1.0,
    "tdr1sb": 1.0,
    "tdr1sc": 0.0,
    "tdr1sd": 0.6666666666666666,
    "tdr1sg": 0.0,
    "tdr1sh": 0.9696969696969697,
    "tdr1sj": 0.0,
    "tdr1sk": 1.0,
    "tdr1sm": 1.0,
    "tdr1sn": 0.0,
    "tdr1sp": 0.5,
    "tdr1sq": 1.0,
    "tdr1sr": 1.0,
    "tdr1ss": 0.0,
    "tdr1st": 1.0,
    "tdr1su": 0.0,
    "tdr1sv": 0.0,
    "tdr1sw": 0.9824561403508771,
    "tdr1sx": 0.0,
    "tdr1sy": 0.9583333333333334,
    "tdr1sz": 1.0,
    "tdr1t0": 0.0,
    "tdr1t1": 0.0,
    "tdr1t2": 0.0,
    "tdr1t3": 0.0,
    "tdr1t5": 0.0,
    "tdr1t6": 0.0,
    "tdr1t7": 0.0,
    "tdr1t8": 0.0,
    "tdr1t9": 0.0,
    "tdr1tb": 1.0,
    "tdr1tc": 0.9130434782608695,
    "tdr1td": 0.0,
    "tdr1te": 0.0,
    "tdr1tf": 0.4,
    "tdr1tg": 0.16666666666666666,
    "tdr1th": 0.0,
    "tdr1tj": 0.0,
    "tdr1tk": 0.0,
    "tdr1tm": 0.0,
    "tdr1tn": 0.0,
    "tdr1tp": 0.6153846153846154,
    "tdr1tq": 0.0,
    "tdr1tr": 0.9387755102040817,
    "tdr1ts": 0.0,
    "tdr1tt": 0.06666666666666667,
    "tdr1tu": 0.07407407407407407,
    "tdr1tv": 0.5625,
    "tdr1tw": 0.0,
    "tdr1tx": 0.2857142857142857,
    "tdr1ty": 1.0,
    "tdr1tz": 0.875,
    "tdr1u1": 0.0,
    "tdr1u2": 0.8333333333333334,
    "tdr1u3": 1.0,
    "tdr1u5": 1.0,
    "tdr1u6": 0.5714285714285714,
    "tdr1u7": 1.0,
    "tdr1u8": 0.0,
    "tdr1u9": 1.0,
    "tdr1ub": 0.0,
    "tdr1ud": 1.0,
    "tdr1ue": 1.0,
    "tdr1uf": 0.8888888888888888,
    "tdr1ug": 0.05555555555555555,
    "tdr1uh": 1.0,
    "tdr1uj": 0.0,
    "tdr1um": 0.0,
    "tdr1un": 0.0,
    "tdr1up": 0.0,
    "tdr1uq": 0.0,
    "tdr1ur": 0.0,
    "tdr1us": 1.0,
    "tdr1ut": 1.0,
    "tdr1uu": 0.0,
    "tdr1uv": 0.5,
    "tdr1uw": 0.9130434782608695,
    "tdr1ux": 1.0,
    "tdr1uy": 0.9,
    "tdr1uz": 0.0,
    "tdr1v0": 0.6666666666666666,
    "tdr1v1": 0.21875,
    "tdr1v2": 0.9090909090909091,
    "tdr1v3": 0.0,
    "tdr1v4": 0.3064516129032258,
    "tdr1v5": 0.0,
    "tdr1v6": 0.0,
    "tdr1v7": 0.0,
    "tdr1v8": 1.0,
    "tdr1v9": 0.8,
    "tdr1vb": 1.0,
    "tdr1vc": 0.8157894736842105,
    "tdr1vd": 0.05,
    "tdr1ve": 0.7560975609756098,
    "tdr1vf": 1.0,
    "tdr1vg": 0.85,
    "tdr1vh": 0.0,
    "tdr1vj": 0.0,
    "tdr1vk": 0.041666666666666664,
    "tdr1vm": 0.9607843137254902,
    "tdr1vn": 0.0,
    "tdr1vp": 0.0,
    "tdr1vq": 1.0,
    "tdr1vr": 0.782608695652174,
    "tdr1vs": 0.8095238095238095,
    "tdr1vt": 0.23333333333333334,
    "tdr1vu": 0.09090909090909091,
    "tdr1vv": 0.0,
    "tdr1vw": 0.0,
    "tdr1vx": 0.0,
    "tdr1vy": 0.0,
    "tdr1w0": 0.7727272727272727,
    "tdr1w1": 0.8846153846153846,
    "tdr1w2": 0.8615384615384616,
    "tdr1w3": 0.9791666666666666,
    "tdr1w4": 0.8125,
    "tdr1w5": 0.5,
    "tdr1w6": 1.0,
    "tdr1w7": 0.8333333333333334,
    "tdr1w8": 0.0,
    "tdr1w9": 0.0,
    "tdr1wb": 1.0,
    "tdr1wd": 0.0,
    "tdr1we": 1.0,
    "tdr1wh": 1.0,
    "tdr1wk": 0.0,
    "tdr1wm": 0.0,
    "tdr1wq": 0.0,
    "tdr1wr": 0.0,
    "tdr1wx": 0.25806451612903225,
    "tdr1wy": 1.0,
    "tdr1wz": 1.0,
    "tdr1x0": 0.96,
    "tdr1x2": 1.0,
    "tdr1x8": 1.0,
    "tdr1x9": 0.96,
    "tdr1xc": 1.0,
    "tdr1xf": 1.0,
    "tdr1xg": 1.0,
    "tdr1xp": 1.0,
    "tdr1xq": 1.0,
    "tdr1xr": 0.6666666666666666,
    "tdr1xv": 0.0,
    "tdr1xw": 1.0,
    "tdr1xy": 1.0,
    "tdr1y0": 0.5675675675675675,
    "tdr1y1": 0.8888888888888888,
    "tdr1y2": 0.0,
    "tdr1y3": 1.0,
    "tdr1y4": 0.9230769230769231,
    "tdr1y5": 1.0,
    "tdr1y6": 0.8928571428571429,
    "tdr1y7": 0.25,
    "tdr1y8": 1.0,
    "tdr1y9": 0.0,
    "tdr1yb": 0.6666666666666666,
    "tdr1yc": 1.0,
    "tdr1yd": 1.0,
    "tdr1ye": 1.0,
    "tdr1yf": 0.7142857142857143,
    "tdr1yg": 0.9722222222222222,
    "tdr1yh": 0.0,
    "tdr1yj": 0.0,
    "tdr1yk": 0.3333333333333333,
    "tdr1ym": 0.0,
    "tdr1yn": 0.0,
    "tdr1yp": 0.2,
    "tdr1yq": 0.3333333333333333,
    "tdr1yr": 1.0,
    "tdr1yt": 0.0,
    "tdr1yu": 1.0,
    "tdr1yw": 0.0,
    "tdr1yx": 0.0,
    "tdr1z0": 0.0,
    "tdr1z1": 0.0,
    "tdr1z6": 0.0,
    "tdr1zf": 1.0,
    "tdr1zg": 1.0,
    "tdr1zh": 0.9333333333333333,
    "tdr1zj": 0.6521739130434783,
    "tdr1zk": 0.0,
    "tdr1zm": 0.9705882352941176,
    "tdr1zq": 0.8695652173913043,
    "tdr1zr": 1.0,
    "tdr1zt": 1.0,
    "tdr1zu": 1.0,
    "tdr1zv": 0.0,
    "tdr1zw": 0.9,
    "tdr1zx": 0.7272727272727273,
    "tdr1zy": 0.0,
    "tdr1zz": 0.0,
    "tdr2b6": 0.0,
    "tdr30k": 0.0,