{
    "global_closure_rate": 0.08273161179782157,
    "global_priority_rate": 0.6155917268388202
}